{"game_settings":{"dice_count":20,"dice_type":8,"health_points":5,"player_names":["",""],"round_rolls":1,"round_time":20,"rounds":5,"show_rolls":true,"timed_rounds":false,"win_condition":0},"hand_settings":{"10 of a Kind":{"allowed":true,"hand_type":["Kind",10],"max_plays":1,"repeatable":false,"scoring_rule":""},"11 of a Kind":{"allowed":true,"hand_type":["Kind",11],"max_plays":1,"repeatable":false,"scoring_rule":""},"12 of a Kind":{"allowed":true,"hand_type":["Kind",12],"max_plays":1,"repeatable":false,"scoring_rule":""},"13 of a Kind":{"allowed":true,"hand_type":["Kind",13],"max_plays":1,"repeatable":false,"scoring_rule":""},"14 of a Kind":{"allowed":true,"hand_type":["Kind",14],"max_plays":1,"repeatable":false,"scoring_rule":""},"15 of a Kind":{"allowed":true,"hand_type":["Kind",15],"max_plays":1,"repeatable":false,"scoring_rule":""},"16 of a Kind":{"allowed":true,"hand_type":["Kind",16],"max_plays":1,"repeatable":false,"scoring_rule":""},"17 of a Kind":{"allowed":true,"hand_type":["Kind",17],"max_plays":1,"repeatable":false,"scoring_rule":""},"18 of a Kind":{"allowed":true,"hand_type":["Kind",18],"max_plays":1,"repeatable":false,"scoring_rule":""},"19 of a Kind":{"allowed":true,"hand_type":["Kind",19],"max_plays":1,"repeatable":false,"scoring_rule":""},"20 of a Kind":{"allowed":true,"hand_type":["Kind",20],"max_plays":1,"repeatable":false,"scoring_rule":""},"3 of a Kind":{"allowed":true,"hand_type":["Kind",3],"max_plays":1,"repeatable":false,"scoring_rule":""},"4 of a Kind":{"allowed":true,"hand_type":["Kind",4],"max_plays":1,"repeatable":false,"scoring_rule":""},"5 of a Kind":{"allowed":true,"hand_type":["Kind",5],"max_plays":1,"repeatable":false,"scoring_rule":""},"6 of a Kind":{"allowed":true,"hand_type":["Kind",6],"max_plays":1,"repeatable":false,"scoring_rule":""},"7 of a Kind":{"allowed":true,"hand_type":["Kind",7],"max_plays":1,"repeatable":false,"scoring_rule":""},"8 of a Kind":{"allowed":true,"hand_type":["Kind",8],"max_plays":1,"repeatable":false,"scoring_rule":""},"9 of a Kind":{"allowed":true,"hand_type":["Kind",9],"max_plays":1,"repeatable":false,"scoring_rule":""},"Bonus":{"allowed":true,"hand_type":["Bonus",0],"max_plays":1,"repeatable":false,"scoring_rule":""},"Chance":{"allowed":true,"hand_type":["Chance",0],"max_plays":1,"repeatable":false,"scoring_rule":""},"Full House (10, 10)":{"allowed":true,"hand_type":["FullHouse",10,10],"max_plays":1,"repeatable":false,"scoring_rule":""},"Full House (2, 10)":{"allowed":true,"hand_type":["FullHouse",2,10],"max_plays":1,"repeatable":false,"scoring_rule":""},"Full House (2, 11)":{"allowed":true,"hand_type":["FullHouse",2,11],"max_plays":1,"repeatable":false,"scoring_rule":""},"Full House (2, 12)":{"allowed":true,"hand_type":["FullHouse",2,12],"max_plays":1,"repeatable":false,"scoring_rule":""},"Full House (2, 13)":{"allowed":true,"hand_type":["FullHouse",2,13],"max_plays":1,"repeatable":false,"scoring_rule":""},"Full House (2, 14)":{"allowed":true,"hand_type":["FullHouse",2,14],"max_plays":1,"repeatable":false,"scoring_rule":""},"Full House (2, 15)":{"allowed":true,"hand_type":["FullHouse",2,15],"max_plays":1,"repeatable":false,"scoring_rule":""},"Full House (2, 16)":{"allowed":true,"hand_type":["FullHouse",2,16],"max_plays":1,"repeatable":false,"scoring_rule":""},"Full House (2, 17)":{"allowed":true,"hand_type":["FullHouse",2,17],"max_plays":1,"repeatable":false,"scoring_rule":""},"Full House (2, 18)":{"allowed":true,"hand_type":["FullHouse",2,18],"max_plays":1,"repeatable":false,"scoring_rule":""},"Full House (2, 2)":{"allowed":true,"hand_type":["FullHouse",2,2],"max_plays":1,"repeatable":false,"scoring_rule":""},"Full House (2, 3)":{"allowed":true,"hand_type":["FullHouse",2,3],"max_plays":1,"repeatable":false,"scoring_rule":""},"Full House (2, 4)":{"allowed":true,"hand_type":["FullHouse",2,4],"max_plays":1,"repeatable":false,"scoring_rule":""},"Full House (2, 5)":{"allowed":true,"hand_type":["FullHouse",2,5],"max_plays":1,"repeatable":false,"scoring_rule":""},"Full House (2, 6)":{"allowed":true,"hand_type":["FullHouse",2,6],"max_plays":1,"repeatable":false,"scoring_rule":""},"Full House (2, 7)":{"allowed":true,"hand_type":["FullHouse",2,7],"max_plays":1,"repeatable":false,"scoring_rule":""},"Full House (2, 8)":{"allowed":true,"hand_type":["FullHouse",2,8],"max_plays":1,"repeatable":false,"scoring_rule":""},"Full House (2, 9)":{"allowed":true,"hand_type":["FullHouse",2,9],"max_plays":1,"repeatable":false,"scoring_rule":""},"Full House (3, 10)":{"allowed":true,"hand_type":["FullHouse",3,10],"max_plays":1,"repeatable":false,"scoring_rule":""},"Full House (3, 11)":{"allowed":true,"hand_type":["FullHouse",3,11],"max_plays":1,"repeatable":false,"scoring_rule":""},"Full House (3, 12)":{"allowed":true,"hand_type":["FullHouse",3,12],"max_plays":1,"repeatable":false,"scoring_rule":""},"Full House (3, 13)":{"allowed":true,"hand_type":["FullHouse",3,13],"max_plays":1,"repeatable":false,"scoring_rule":""},"Full House (3, 14)":{"allowed":true,"hand_type":["FullHouse",3,14],"max_plays":1,"repeatable":false,"scoring_rule":""},"Full House (3, 15)":{"allowed":true,"hand_type":["FullHouse",3,15],"max_plays":1,"repeatable":false,"scoring_rule":""},"Full House (3, 16)":{"allowed":true,"hand_type":["FullHouse",3,16],"max_plays":1,"repeatable":false,"scoring_rule":""},"Full House (3, 17)":{"allowed":true,"hand_type":["FullHouse",3,17],"max_plays":1,"repeatable":false,"scoring_rule":""},"Full House (3, 3)":{"allowed":true,"hand_type":["FullHouse",3,3],"max_plays":1,"repeatable":false,"scoring_rule":""},"Full House (3, 4)":{"allowed":true,"hand_type":["FullHouse",3,4],"max_plays":1,"repeatable":false,"scoring_rule":""},"Full House (3, 5)":{"allowed":true,"hand_type":["FullHouse",3,5],"max_plays":1,"repeatable":false,"scoring_rule":""},"Full House (3, 6)":{"allowed":true,"hand_type":["FullHouse",3,6],"max_plays":1,"repeatable":false,"scoring_rule":""},"Full House (3, 7)":{"allowed":true,"hand_type":["FullHouse",3,7],"max_plays":1,"repeatable":false,"scoring_rule":""},"Full House (3, 8)":{"allowed":true,"hand_type":["FullHouse",3,8],"max_plays":1,"repeatable":false,"scoring_rule":""},"Full House (3, 9)":{"allowed":true,"hand_type":["FullHouse",3,9],"max_plays":1,"repeatable":false,"scoring_rule":""},"Full House (4, 10)":{"allowed":true,"hand_type":["FullHouse",4,10],"max_plays":1,"repeatable":false,"scoring_rule":""},"Full House (4, 11)":{"allowed":true,"hand_type":["FullHouse",4,11],"max_plays":1,"repeatable":false,"scoring_rule":""},"Full House (4, 12)":{"allowed":true,"hand_type":["FullHouse",4,12],"max_plays":1,"repeatable":false,"scoring_rule":""},"Full House (4, 13)":{"allowed":true,"hand_type":["FullHouse",4,13],"max_plays":1,"repeatable":false,"scoring_rule":""},"Full House (4, 14)":{"allowed":true,"hand_type":["FullHouse",4,14],"max_plays":1,"repeatable":false,"scoring_rule":""},"Full House (4, 15)":{"allowed":true,"hand_type":["FullHouse",4,15],"max_plays":1,"repeatable":false,"scoring_rule":""},"Full House (4, 16)":{"allowed":true,"hand_type":["FullHouse",4,16],"max_plays":1,"repeatable":false,"scoring_rule":""},"Full House (4, 4)":{"allowed":true,"hand_type":["FullHouse",4,4],"max_plays":1,"repeatable":false,"scoring_rule":""},"Full House (4, 5)":{"allowed":true,"hand_type":["FullHouse",4,5],"max_plays":1,"repeatable":false,"scoring_rule":""},"Full House (4, 6)":{"allowed":true,"hand_type":["FullHouse",4,6],"max_plays":1,"repeatable":false,"scoring_rule":""},"Full House (4, 7)":{"allowed":true,"hand_type":["FullHouse",4,7],"max_plays":1,"repeatable":false,"scoring_rule":""},"Full House (4, 8)":{"allowed":true,"hand_type":["FullHouse",4,8],"max_plays":1,"repeatable":false,"scoring_rule":""},"Full House (4, 9)":{"allowed":true,"hand_type":["FullHouse",4,9],"max_plays":1,"repeatable":false,"scoring_rule":""},"Full House (5, 10)":{"allowed":true,"hand_type":["FullHouse",5,10],"max_plays":1,"repeatable":false,"scoring_rule":""},"Full House (5, 11)":{"allowed":true,"hand_type":["FullHouse",5,11],"max_plays":1,"repeatable":false,"scoring_rule":""},"Full House (5, 12)":{"allowed":true,"hand_type":["FullHouse",5,12],"max_plays":1,"repeatable":false,"scoring_rule":""},"Full House (5, 13)":{"allowed":true,"hand_type":["FullHouse",5,13],"max_plays":1,"repeatable":false,"scoring_rule":""},"Full House (5, 14)":{"allowed":true,"hand_type":["FullHouse",5,14],"max_plays":1,"repeatable":false,"scoring_rule":""},"Full House (5, 15)":{"allowed":true,"hand_type":["FullHouse",5,15],"max_plays":1,"repeatable":false,"scoring_rule":""},"Full House (5, 5)":{"allowed":true,"hand_type":["FullHouse",5,5],"max_plays":1,"repeatable":false,"scoring_rule":""},"Full House (5, 6)":{"allowed":true,"hand_type":["FullHouse",5,6],"max_plays":1,"repeatable":false,"scoring_rule":""},"Full House (5, 7)":{"allowed":true,"hand_type":["FullHouse",5,7],"max_plays":1,"repeatable":false,"scoring_rule":""},"Full House (5, 8)":{"allowed":true,"hand_type":["FullHouse",5,8],"max_plays":1,"repeatable":false,"scoring_rule":""},"Full House (5, 9)":{"allowed":true,"hand_type":["FullHouse",5,9],"max_plays":1,"repeatable":false,"scoring_rule":""},"Full House (6, 10)":{"allowed":true,"hand_type":["FullHouse",6,10],"max_plays":1,"repeatable":false,"scoring_rule":""},"Full House (6, 11)":{"allowed":true,"hand_type":["FullHouse",6,11],"max_plays":1,"repeatable":false,"scoring_rule":""},"Full House (6, 12)":{"allowed":true,"hand_type":["FullHouse",6,12],"max_plays":1,"repeatable":false,"scoring_rule":""},"Full House (6, 13)":{"allowed":true,"hand_type":["FullHouse",6,13],"max_plays":1,"repeatable":false,"scoring_rule":""},"Full House (6, 14)":{"allowed":true,"hand_type":["FullHouse",6,14],"max_plays":1,"repeatable":false,"scoring_rule":""},"Full House (6, 6)":{"allowed":true,"hand_type":["FullHouse",6,6],"max_plays":1,"repeatable":false,"scoring_rule":""},"Full House (6, 7)":{"allowed":true,"hand_type":["FullHouse",6,7],"max_plays":1,"repeatable":false,"scoring_rule":""},"Full House (6, 8)":{"allowed":true,"hand_type":["FullHouse",6,8],"max_plays":1,"repeatable":false,"scoring_rule":""},"Full House (6, 9)":{"allowed":true,"hand_type":["FullHouse",6,9],"max_plays":1,"repeatable":false,"scoring_rule":""},"Full House (7, 10)":{"allowed":true,"hand_type":["FullHouse",7,10],"max_plays":1,"repeatable":false,"scoring_rule":""},"Full House (7, 11)":{"allowed":true,"hand_type":["FullHouse",7,11],"max_plays":1,"repeatable":false,"scoring_rule":""},"Full House (7, 12)":{"allowed":true,"hand_type":["FullHouse",7,12],"max_plays":1,"repeatable":false,"scoring_rule":""},"Full House (7, 13)":{"allowed":true,"hand_type":["FullHouse",7,13],"max_plays":1,"repeatable":false,"scoring_rule":""},"Full House (7, 7)":{"allowed":true,"hand_type":["FullHouse",7,7],"max_plays":1,"repeatable":false,"scoring_rule":""},"Full House (7, 8)":{"allowed":true,"hand_type":["FullHouse",7,8],"max_plays":1,"repeatable":false,"scoring_rule":""},"Full House (7, 9)":{"allowed":true,"hand_type":["FullHouse",7,9],"max_plays":1,"repeatable":false,"scoring_rule":""},"Full House (8, 10)":{"allowed":true,"hand_type":["FullHouse",8,10],"max_plays":1,"repeatable":false,"scoring_rule":""},"Full House (8, 11)":{"allowed":true,"hand_type":["FullHouse",8,11],"max_plays":1,"repeatable":false,"scoring_rule":""},"Full House (8, 12)":{"allowed":true,"hand_type":["FullHouse",8,12],"max_plays":1,"repeatable":false,"scoring_rule":""},"Full House (8, 8)":{"allowed":true,"hand_type":["FullHouse",8,8],"max_plays":1,"repeatable":false,"scoring_rule":""},"Full House (8, 9)":{"allowed":true,"hand_type":["FullHouse",8,9],"max_plays":1,"repeatable":false,"scoring_rule":""},"Full House (9, 10)":{"allowed":true,"hand_type":["FullHouse",9,10],"max_plays":1,"repeatable":false,"scoring_rule":""},"Full House (9, 11)":{"allowed":true,"hand_type":["FullHouse",9,11],"max_plays":1,"repeatable":false,"scoring_rule":""},"Full House (9, 9)":{"allowed":true,"hand_type":["FullHouse",9,9],"max_plays":1,"repeatable":false,"scoring_rule":""},"Hand: 1's":{"allowed":true,"hand_type":["Singles",1],"max_plays":1,"repeatable":false,"scoring_rule":""},"Hand: 2's":{"allowed":true,"hand_type":["Singles",2],"max_plays":1,"repeatable":false,"scoring_rule":""},"Hand: 3's":{"allowed":true,"hand_type":["Singles",3],"max_plays":1,"repeatable":false,"scoring_rule":""},"Hand: 4's":{"allowed":true,"hand_type":["Singles",4],"max_plays":1,"repeatable":false,"scoring_rule":""},"Hand: 5's":{"allowed":true,"hand_type":["Singles",5],"max_plays":1,"repeatable":false,"scoring_rule":""},"Hand: 6's":{"allowed":true,"hand_type":["Singles",6],"max_plays":1,"repeatable":false,"scoring_rule":""},"Hand: 7's":{"allowed":true,"hand_type":["Singles",7],"max_plays":1,"repeatable":false,"scoring_rule":""},"Hand: 8's":{"allowed":true,"hand_type":["Singles",8],"max_plays":1,"repeatable":false,"scoring_rule":""},"Straight of 10":{"allowed":true,"hand_type":["Straight",10],"max_plays":1,"repeatable":false,"scoring_rule":""},"Straight of 11":{"allowed":true,"hand_type":["Straight",11],"max_plays":1,"repeatable":false,"scoring_rule":""},"Straight of 12":{"allowed":true,"hand_type":["Straight",12],"max_plays":1,"repeatable":false,"scoring_rule":""},"Straight of 13":{"allowed":true,"hand_type":["Straight",13],"max_plays":1,"repeatable":false,"scoring_rule":""},"Straight of 14":{"allowed":true,"hand_type":["Straight",14],"max_plays":1,"repeatable":false,"scoring_rule":""},"Straight of 15":{"allowed":true,"hand_type":["Straight",15],"max_plays":1,"repeatable":false,"scoring_rule":""},"Straight of 16":{"allowed":true,"hand_type":["Straight",16],"max_plays":1,"repeatable":false,"scoring_rule":""},"Straight of 17":{"allowed":true,"hand_type":["Straight",17],"max_plays":1,"repeatable":false,"scoring_rule":""},"Straight of 18":{"allowed":true,"hand_type":["Straight",18],"max_plays":1,"repeatable":false,"scoring_rule":""},"Straight of 19":{"allowed":true,"hand_type":["Straight",19],"max_plays":1,"repeatable":false,"scoring_rule":""},"Straight of 20":{"allowed":true,"hand_type":["Straight",20],"max_plays":1,"repeatable":false,"scoring_rule":""},"Straight of 4":{"allowed":true,"hand_type":["Straight",4],"max_plays":1,"repeatable":false,"scoring_rule":""},"Straight of 5":{"allowed":true,"hand_type":["Straight",5],"max_plays":1,"repeatable":false,"scoring_rule":""},"Straight of 6":{"allowed":true,"hand_type":["Straight",6],"max_plays":1,"repeatable":false,"scoring_rule":""},"Straight of 7":{"allowed":true,"hand_type":["Straight",7],"max_plays":1,"repeatable":false,"scoring_rule":""},"Straight of 8":{"allowed":true,"hand_type":["Straight",8],"max_plays":1,"repeatable":false,"scoring_rule":""},"Straight of 9":{"allowed":true,"hand_type":["Straight",9],"max_plays":1,"repeatable":false,"scoring_rule":""}},"preset_name":"DiceMayhem2"}
