{"game_settings":{"dice_count":8,"dice_type":8,"health_points":5,"player_names":["",""],"round_rolls":2,"round_time":20,"rounds":2,"show_rolls":true,"timed_rounds":false,"win_condition":0},"hand_settings":{"3 of a Kind":{"allowed":true,"hand_type":["Kind",3],"max_plays":1,"repeatable":false,"scoring_rule":""},"4 of a Kind":{"allowed":true,"hand_type":["Kind",4],"max_plays":1,"repeatable":false,"scoring_rule":""},"5 of a Kind":{"allowed":true,"hand_type":["Kind",5],"max_plays":1,"repeatable":false,"scoring_rule":""},"6 of a Kind":{"allowed":true,"hand_type":["Kind",6],"max_plays":1,"repeatable":false,"scoring_rule":""},"7 of a Kind":{"allowed":true,"hand_type":["Kind",7],"max_plays":1,"repeatable":false,"scoring_rule":""},"8 of a Kind":{"allowed":true,"hand_type":["Kind",8],"max_plays":1,"repeatable":false,"scoring_rule":""},"Bonus":{"allowed":true,"hand_type":["Bonus",0],"max_plays":1,"repeatable":false,"scoring_rule":""},"Chance":{"allowed":true,"hand_type":["Chance",0],"max_plays":1,"repeatable":false,"scoring_rule":""},"Full House (2, 2)":{"allowed":true,"hand_type":["FullHouse",2,2],"max_plays":1,"repeatable":false,"scoring_rule":""},"Full House (2, 3)":{"allowed":true,"hand_type":["FullHouse",2,3],"max_plays":1,"repeatable":false,"scoring_rule":""},"Full House (2, 4)":{"allowed":true,"hand_type":["FullHouse",2,4],"max_plays":1,"repeatable":false,"scoring_rule":""},"Full House (2, 5)":{"allowed":true,"hand_type":["FullHouse",2,5],"max_plays":1,"repeatable":false,"scoring_rule":""},"Full House (2, 6)":{"allowed":true,"hand_type":["FullHouse",2,6],"max_plays":1,"repeatable":false,"scoring_rule":""},"Full House (3, 3)":{"allowed":true,"hand_type":["FullHouse",3,3],"max_plays":1,"repeatable":false,"scoring_rule":""},"Full House (3, 4)":{"allowed":true,"hand_type":["FullHouse",3,4],"max_plays":1,"repeatable":false,"scoring_rule":""},"Full House (3, 5)":{"allowed":true,"hand_type":["FullHouse",3,5],"max_plays":1,"repeatable":false,"scoring_rule":""},"Full House (4, 4)":{"allowed":true,"hand_type":["FullHouse",4,4],"max_plays":1,"repeatable":false,"scoring_rule":""},"Hand: 1's":{"allowed":true,"hand_type":["Singles",1],"max_plays":1,"repeatable":false,"scoring_rule":""},"Hand: 2's":{"allowed":true,"hand_type":["Singles",2],"max_plays":1,"repeatable":false,"scoring_rule":""},"Hand: 3's":{"allowed":true,"hand_type":["Singles",3],"max_plays":1,"repeatable":false,"scoring_rule":""},"Hand: 4's":{"allowed":true,"hand_type":["Singles",4],"max_plays":1,"repeatable":false,"scoring_rule":""},"Hand: 5's":{"allowed":true,"hand_type":["Singles",5],"max_plays":1,"repeatable":false,"scoring_rule":""},"Hand: 6's":{"allowed":true,"hand_type":["Singles",6],"max_plays":1,"repeatable":false,"scoring_rule":""},"Hand: 7's":{"allowed":true,"hand_type":["Singles",7],"max_plays":1,"repeatable":false,"scoring_rule":""},"Hand: 8's":{"allowed":true,"hand_type":["Singles",8],"max_plays":1,"repeatable":false,"scoring_rule":""},"Straight of 4":{"allowed":true,"hand_type":["Straight",4],"max_plays":1,"repeatable":false,"scoring_rule":""},"Straight of 5":{"allowed":true,"hand_type":["Straight",5],"max_plays":1,"repeatable":false,"scoring_rule":""},"Straight of 6":{"allowed":true,"hand_type":["Straight",6],"max_plays":1,"repeatable":false,"scoring_rule":""},"Straight of 7":{"allowed":true,"hand_type":["Straight",7],"max_plays":1,"repeatable":false,"scoring_rule":""},"Straight of 8":{"allowed":true,"hand_type":["Straight",8],"max_plays":1,"repeatable":false,"scoring_rule":""}},"preset_name":"QuickTest82"}