{"game_settings":{"bluff_active":true,"dice_count":9,"dice_type":12,"health_points":7,"player_names":["",""],"round_rolls":3,"round_time":20,"rounds":22,"show_rolls":true,"timed_rounds":true,"win_condition":1},"hand_settings":{"3 of a Kind":{"allowed":false,"hand_type":["Kind",3],"max_plays":1,"repeatable":false,"scoring_rule":""},"4 of a Kind":{"allowed":false,"hand_type":["Kind",4],"max_plays":1,"repeatable":false,"scoring_rule":""},"5 of a Kind":{"allowed":false,"hand_type":["Kind",5],"max_plays":1,"repeatable":false,"scoring_rule":""},"6 of a Kind":{"allowed":false,"hand_type":["Kind",6],"max_plays":1,"repeatable":false,"scoring_rule":""},"7 of a Kind":{"allowed":true,"hand_type":["Kind",7],"max_plays":1,"repeatable":false,"scoring_rule":""},"8 of a Kind":{"allowed":true,"hand_type":["Kind",8],"max_plays":1,"repeatable":false,"scoring_rule":""},"9 of a Kind":{"allowed":true,"hand_type":["Kind",9],"max_plays":1,"repeatable":false,"scoring_rule":""},"Bonus":{"allowed":true,"hand_type":["Bonus",0],"max_plays":1,"repeatable":false,"scoring_rule":""},"Chance":{"allowed":true,"hand_type":["Chance",0],"max_plays":1,"repeatable":false,"scoring_rule":""},"Full House (2, 2)":{"allowed":false,"hand_type":["FullHouse",2,2],"max_plays":1,"repeatable":false,"scoring_rule":""},"Full House (2, 3)":{"allowed":false,"hand_type":["FullHouse",2,3],"max_plays":1,"repeatable":false,"scoring_rule":""},"Full House (2, 4)":{"allowed":false,"hand_type":["FullHouse",2,4],"max_plays":1,"repeatable":false,"scoring_rule":""},"Full House (2, 5)":{"allowed":false,"hand_type":["FullHouse",2,5],"max_plays":1,"repeatable":false,"scoring_rule":""},"Full House (2, 6)":{"allowed":false,"hand_type":["FullHouse",2,6],"max_plays":1,"repeatable":false,"scoring_rule":""},"Full House (2, 7)":{"allowed":false,"hand_type":["FullHouse",2,7],"max_plays":1,"repeatable":false,"scoring_rule":""},"Full House (3, 3)":{"allowed":false,"hand_type":["FullHouse",3,3],"max_plays":1,"repeatable":false,"scoring_rule":""},"Full House (3, 4)":{"allowed":false,"hand_type":["FullHouse",3,4],"max_plays":1,"repeatable":false,"scoring_rule":""},"Full House (3, 5)":{"allowed":false,"hand_type":["FullHouse",3,5],"max_plays":1,"repeatable":false,"scoring_rule":""},"Full House (3, 6)":{"allowed":true,"hand_type":["FullHouse",3,6],"max_plays":1,"repeatable":false,"scoring_rule":""},"Full House (4, 4)":{"allowed":false,"hand_type":["FullHouse",4,4],"max_plays":1,"repeatable":false,"scoring_rule":""},"Full House (4, 5)":{"allowed":true,"hand_type":["FullHouse",4,5],"max_plays":1,"repeatable":false,"scoring_rule":""},"Hand: 1's":{"allowed":true,"hand_type":["Singles",1],"max_plays":1,"repeatable":false,"scoring_rule":""},"Hand: 10's":{"allowed":true,"hand_type":["Singles",10],"max_plays":1,"repeatable":false,"scoring_rule":""},"Hand: 11's":{"allowed":true,"hand_type":["Singles",11],"max_plays":1,"repeatable":false,"scoring_rule":""},"Hand: 12's":{"allowed":true,"hand_type":["Singles",12],"max_plays":1,"repeatable":false,"scoring_rule":""},"Hand: 2's":{"allowed":true,"hand_type":["Singles",2],"max_plays":1,"repeatable":false,"scoring_rule":""},"Hand: 3's":{"allowed":true,"hand_type":["Singles",3],"max_plays":1,"repeatable":false,"scoring_rule":""},"Hand: 4's":{"allowed":true,"hand_type":["Singles",4],"max_plays":1,"repeatable":false,"scoring_rule":""},"Hand: 5's":{"allowed":true,"hand_type":["Singles",5],"max_plays":1,"repeatable":false,"scoring_rule":""},"Hand: 6's":{"allowed":true,"hand_type":["Singles",6],"max_plays":1,"repeatable":false,"scoring_rule":""},"Hand: 7's":{"allowed":true,"hand_type":["Singles",7],"max_plays":1,"repeatable":false,"scoring_rule":""},"Hand: 8's":{"allowed":true,"hand_type":["Singles",8],"max_plays":1,"repeatable":false,"scoring_rule":""},"Hand: 9's":{"allowed":true,"hand_type":["Singles",9],"max_plays":1,"repeatable":false,"scoring_rule":""},"Straight of 4":{"allowed":false,"hand_type":["Straight",4],"max_plays":1,"repeatable":false,"scoring_rule":""},"Straight of 5":{"allowed":false,"hand_type":["Straight",5],"max_plays":1,"repeatable":false,"scoring_rule":""},"Straight of 6":{"allowed":false,"hand_type":["Straight",6],"max_plays":1,"repeatable":false,"scoring_rule":""},"Straight of 7":{"allowed":true,"hand_type":["Straight",7],"max_plays":1,"repeatable":false,"scoring_rule":""},"Straight of 8":{"allowed":true,"hand_type":["Straight",8],"max_plays":1,"repeatable":false,"scoring_rule":""},"Straight of 9":{"allowed":true,"hand_type":["Straight",9],"max_plays":1,"repeatable":false,"scoring_rule":""}},"preset_name":"12-Sided"}