{"game_settings":{"bluff_active":true,"dice_count":5,"dice_type":6,"health_points":5,"player_names":["",""],"round_rolls":3,"round_time":20,"rounds":13,"show_rolls":true,"timed_rounds":true,"win_condition":1},"hand_settings":{"3 of a Kind":{"allowed":false,"hand_type":["Kind",3],"max_plays":1,"repeatable":false,"scoring_rule":""},"4 of a Kind":{"allowed":true,"hand_type":["Kind",4],"max_plays":1,"repeatable":false,"scoring_rule":""},"5 of a Kind":{"allowed":true,"hand_type":["Kind",5],"max_plays":1,"repeatable":false,"scoring_rule":""},"Bonus":{"allowed":true,"hand_type":["Bonus",0],"max_plays":1,"repeatable":false,"scoring_rule":""},"Chance":{"allowed":true,"hand_type":["Chance",0],"max_plays":1,"repeatable":false,"scoring_rule":""},"Full House (2, 2)":{"allowed":false,"hand_type":["FullHouse",2,2],"max_plays":1,"repeatable":false,"scoring_rule":""},"Full House (2, 3)":{"allowed":true,"hand_type":["FullHouse",2,3],"max_plays":1,"repeatable":false,"scoring_rule":""},"Hand: 1's":{"allowed":true,"hand_type":["Singles",1],"max_plays":1,"repeatable":false,"scoring_rule":""},"Hand: 2's":{"allowed":true,"hand_type":["Singles",2],"max_plays":1,"repeatable":false,"scoring_rule":""},"Hand: 3's":{"allowed":true,"hand_type":["Singles",3],"max_plays":1,"repeatable":false,"scoring_rule":""},"Hand: 4's":{"allowed":true,"hand_type":["Singles",4],"max_plays":1,"repeatable":false,"scoring_rule":""},"Hand: 5's":{"allowed":true,"hand_type":["Singles",5],"max_plays":1,"repeatable":false,"scoring_rule":""},"Hand: 6's":{"allowed":true,"hand_type":["Singles",6],"max_plays":1,"repeatable":false,"scoring_rule":""},"Straight of 4":{"allowed":true,"hand_type":["Straight",4],"max_plays":1,"repeatable":false,"scoring_rule":""},"Straight of 5":{"allowed":true,"hand_type":["Straight",5],"max_plays":1,"repeatable":false,"scoring_rule":""}},"preset_name":"6-Sided"}